{"stats":{"minecraft:custom":{"minecraft:time_since_rest":1665,"minecraft:open_chest":12,"minecraft:crouch_one_cm":36,"minecraft:play_time":1665,"minecraft:sprint_one_cm":3309,"minecraft:damage_taken":190,"minecraft:walk_one_cm":2953,"minecraft:sneak_time":22,"minecraft:jump":7,"minecraft:leave_game":1,"minecraft:time_since_death":1665,"minecraft:total_world_time":1678,"minecraft:fly_one_cm":8370,"minecraft:fall_one_cm":2036},"minecraft:picked_up":{"minecraft:chicken_spawn_egg":3,"minecraft:compass":1,"minecraft:zombie_head":2,"minecraft:firework_rocket":7,"minecraft:arrow":6,"minecraft:creeper_head":2,"minecraft:oak_sign":1,"minecraft:tnt_minecart":2,"minecraft:lever":1,"minecraft:dropper":2,"minecraft:redstone_torch":1,"minecraft:player_head":9,"minecraft:stone_button":10,"minecraft:minecart":6,"minecraft:wither_skeleton_skull":2,"minecraft:chest":1,"minecraft:snowball":3,"minecraft:skeleton_skull":2,"minecraft:gray_stained_glass_pane":72}},"DataVersion":3839}