{"stat.beaconInteraction":1,"stat.useItem.minecraft.string":6,"stat.useItem.minecraft.lapis_block":4,"stat.useItem.minecraft.quartz_block":49,"stat.killEntity.EntityHorse":67,"stat.useItem.minecraft.record_ward":5,"stat.leaveGame":580,"stat.useItem.minecraft.log2":3,"stat.useItem.minecraft.beacon":1,"stat.mineBlock.minecraft.yellow_flower":11,"stat.killEntity.Ozelot":10,"stat.useItem.minecraft.skull":50,"stat.useItem.minecraft.diamond_sword":167,"stat.killEntity.PigZombie":1,"stat.swimOneCm":201,"stat.useItem.minecraft.snow":5,"stat.useItem.minecraft.planks":51,"stat.climbOneCm":131,"stat.useItem.minecraft.nether_brick_stairs":102,"stat.useItem.minecraft.coal_block":15,"stat.useItem.minecraft.redstone_torch":10,"stat.useItem.minecraft.dirt":2,"achievement.exploreAllBiomes":{"value":0,"progress":["Beach","Roofed Forest","Jungle","Ice Plains","Extreme Hills M","Plains","Extreme Hills","Hell"]},"stat.useItem.minecraft.sandstone_stairs":2,"stat.useItem.minecraft.egg":38,"stat.killEntity.Enderman":1,"stat.useItem.minecraft.record_cat":2,"stat.useItem.minecraft.anvil":3,"stat.flyOneCm":16099441,"stat.useItem.minecraft.record_strad":2,"stat.timeSinceDeath":229293,"stat.useItem.minecraft.sign":5,"stat.useItem.minecraft.spawn_egg":116,"stat.useItem.minecraft.lever":2,"stat.useItem.minecraft.dark_oak_stairs":3,"stat.useItem.minecraft.milk_bucket":6,"stat.entityKilledBy.Skeleton":1,"stat.useItem.minecraft.spruce_fence":12,"stat.killEntity.Squid":2,"stat.useItem.minecraft.trapdoor":2,"stat.sprintOneCm":1482699,"stat.useItem.minecraft.stained_glass":403,"stat.useItem.minecraft.diamond_block":9,"stat.useItem.minecraft.fence":3,"stat.useItem.minecraft.stone_slab":59,"stat.useItem.minecraft.acacia_fence":2,"achievement.openInventory":427,"stat.useItem.minecraft.flint_and_steel":35,"stat.useItem.minecraft.dye":24,"stat.deaths":24,"stat.drop":35,"stat.playOneMinute":4049872,"stat.useItem.minecraft.wooden_sword":11,"stat.killEntity.Sheep":6,"stat.useItem.minecraft.nether_brick":28,"stat.killEntity.Zombie":1,"stat.useItem.minecraft.jukebox":2,"stat.mineBlock.minecraft.tallgrass":118,"stat.chestOpened":278,"stat.useItem.minecraft.record_wait":2,"stat.recordPlayed":41,"stat.useItem.minecraft.stone":2,"stat.useItem.minecraft.jungle_fence":54,"stat.useItem.minecraft.quartz_stairs":37,"stat.useItem.minecraft.carpet":131,"stat.useItem.minecraft.potion":59,"stat.useItem.minecraft.stained_glass_pane":35,"stat.useItem.minecraft.bedrock":3,"stat.jump":13550,"stat.useItem.minecraft.iron_trapdoor":2,"stat.useItem.minecraft.experience_bottle":47,"stat.fallOneCm":69025,"stat.crouchOneCm":55675,"stat.useItem.minecraft.stone_button":14,"stat.useItem.minecraft.dark_oak_fence":2,"stat.damageTaken":9800,"stat.useItem.minecraft.stone_brick_stairs":11,"stat.mineBlock.minecraft.red_flower":1,"stat.useItem.minecraft.gold_block":1,"stat.useItem.minecraft.birch_fence":2,"stat.useItem.minecraft.record_chirp":11,"stat.entityKilledBy.Zombie":3,"stat.useItem.minecraft.stone_sword":5,"stat.damageDealt":489880,"stat.killEntity.Rabbit":6,"stat.useItem.minecraft.wool":1,"stat.useItem.minecraft.snow_layer":19,"stat.useItem.minecraft.record_13":4,"stat.killEntity.Cow":2,"stat.useItem.minecraft.crafting_table":1,"stat.killEntity.Pig":2,"stat.walkOneCm":2905466,"stat.useItem.minecraft.torch":2,"stat.useItem.minecraft.chest":13,"stat.playerKills":39,"stat.useItem.minecraft.record_11":1,"stat.useItem.minecraft.log":97,"stat.useItem.minecraft.tnt":1,"stat.mineBlock.minecraft.double_plant":2,"stat.useItem.minecraft.record_far":4,"stat.useItem.minecraft.redstone_block":3,"stat.useItem.minecraft.item_frame":11,"stat.useItem.minecraft.yellow_flower":9,"stat.useItem.minecraft.spruce_stairs":1,"stat.useItem.minecraft.stained_hardened_clay":5,"stat.useItem.minecraft.leaves":355,"stat.useItem.minecraft.record_mall":3,"stat.useItem.minecraft.netherrack":61,"stat.killEntity.Skeleton":1,"stat.useItem.minecraft.record_mellohi":3,"stat.mineBlock.minecraft.tnt":6,"stat.useItem.minecraft.barrier":11,"stat.killEntity.Chicken":11,"stat.useItem.minecraft.iron_block":24,"stat.mobKills":110,"stat.useItem.minecraft.cobblestone_wall":14,"stat.useItem.minecraft.wooden_axe":1,"stat.useItem.minecraft.record_stal":1,"stat.useItem.minecraft.record_blocks":3}