{"stat.useItem.minecraft.string":1,"stat.useItem.minecraft.lapis_block":20,"stat.useItem.minecraft.quartz_block":17,"stat.killEntity.EntityHorse":278,"stat.useItem.minecraft.repeater":5,"stat.leaveGame":454,"stat.useItem.minecraft.log2":2,"stat.useItem.minecraft.skull":4,"stat.useItem.minecraft.diamond_sword":484,"stat.swimOneCm":107,"stat.useItem.minecraft.snow":2,"stat.useItem.minecraft.planks":1,"stat.climbOneCm":736,"stat.useItem.minecraft.nether_brick_stairs":21,"stat.useItem.minecraft.coal_block":21,"stat.useItem.minecraft.obsidian":10,"stat.useItem.minecraft.dirt":21,"achievement.exploreAllBiomes":{"value":0,"progress":["Beach","Roofed Forest","Jungle","Ice Plains","Plains","Extreme Hills","Hell"]},"stat.useItem.minecraft.rail":7,"stat.mineBlock.minecraft.carpet":1,"stat.useItem.minecraft.anvil":2,"stat.flyOneCm":23876472,"stat.timeSinceDeath":518903,"stat.useItem.minecraft.noteblock":4,"stat.furnaceInteraction":1,"stat.killEntity.Wolf":3,"stat.useItem.minecraft.minecart":2,"stat.useItem.minecraft.redstone":1,"stat.useItem.minecraft.milk_bucket":2,"stat.entityKilledBy.Skeleton":1,"stat.useItem.minecraft.spruce_fence":2,"stat.killEntity.Squid":1,"stat.sprintOneCm":5820514,"stat.useItem.minecraft.stained_glass":203,"stat.useItem.minecraft.diamond_shovel":11,"stat.useItem.minecraft.fence":6,"stat.useItem.minecraft.stone_slab":48,"achievement.openInventory":947,"stat.useItem.minecraft.flint_and_steel":1,"stat.useItem.minecraft.bucket":1,"stat.deaths":64,"stat.drop":30,"stat.playOneMinute":4281393,"stat.useItem.minecraft.wooden_sword":9,"stat.killEntity.Sheep":32,"stat.useItem.minecraft.nether_brick":13,"stat.useItem.minecraft.jukebox":3,"stat.mineBlock.minecraft.tallgrass":1,"stat.diveOneCm":118,"stat.chestOpened":362,"stat.recordPlayed":4,"stat.useItem.minecraft.stone":1,"stat.useItem.minecraft.jungle_fence":4,"stat.useItem.minecraft.quartz_stairs":12,"stat.useItem.minecraft.carpet":36,"stat.useItem.minecraft.potion":362,"stat.useItem.minecraft.stained_glass_pane":5,"stat.jump":41099,"stat.useItem.minecraft.sand":1,"stat.fallOneCm":94755,"stat.crouchOneCm":120767,"stat.useItem.minecraft.stone_button":2,"stat.craftingTableInteraction":1,"stat.mineBlock.minecraft.log2":1,"stat.useItem.minecraft.golden_rail":1,"stat.damageTaken":23005,"stat.noteblockTuned":42,"stat.useItem.minecraft.record_chirp":2,"stat.entityKilledBy.Zombie":3,"stat.useItem.minecraft.stone_sword":1,"stat.damageDealt":5708200,"stat.killEntity.Rabbit":23,"stat.useItem.minecraft.wool":13,"stat.useItem.minecraft.record_13":1,"stat.killEntity.Cow":3,"stat.mineBlock.minecraft.dirt":5,"stat.killEntity.Pig":31,"stat.walkOneCm":8206943,"stat.useItem.minecraft.chest":5,"stat.playerKills":15,"stat.useItem.minecraft.log":1,"stat.useItem.minecraft.tnt":1,"stat.minecartOneCm":11525,"stat.useItem.minecraft.redstone_block":1,"stat.useItem.minecraft.item_frame":6,"stat.useItem.minecraft.stained_hardened_clay":1,"stat.useItem.minecraft.leaves":83,"stat.entityKilledBy.Enderman":1,"stat.killEntity.Skeleton":1,"stat.mineBlock.minecraft.tnt":5,"stat.killEntity.Chicken":33,"stat.useItem.minecraft.barrier":1,"stat.mobKills":405,"stat.useItem.minecraft.record_blocks":1,"stat.useItem.minecraft.web":3}