{"stat.chestOpened":4,"stat.useItem.minecraft.command_block":2,"stat.useItem.minecraft.bow":13,"stat.walkOneCm":309562,"stat.killEntity.EntityHorse":62,"stat.playerKills":2,"stat.leaveGame":22,"stat.useItem.minecraft.comparator":3,"stat.useItem.minecraft.diamond_axe":12,"stat.killEntity.Wolf":2,"stat.useItem.minecraft.diamond_sword":202,"stat.useItem.minecraft.potion":11,"stat.jump":317,"stat.fallOneCm":2962,"stat.useItem.minecraft.redstone":5,"stat.crouchOneCm":6053,"stat.useItem.minecraft.redstone_torch":1,"stat.useItem.minecraft.dirt":41,"stat.sprintOneCm":40102,"achievement.exploreAllBiomes":{"value":0,"progress":["Roofed Forest","Jungle","Plains"]},"stat.killEntity.Chicken":5,"stat.damageTaken":3430,"stat.mobKills":93,"stat.flyOneCm":323211,"stat.deaths":10,"stat.drop":7,"stat.playOneMinute":85783,"stat.entityKilledBy.Zombie":5,"stat.killEntity.Sheep":16,"stat.useItem.minecraft.stone_sword":8,"stat.damageDealt":33700,"stat.killEntity.Rabbit":2,"stat.killEntity.Zombie":1,"stat.timeSinceDeath":17204,"stat.killEntity.Pig":2,"stat.mineBlock.minecraft.tallgrass":2}