{"stats":{"minecraft:used":{"minecraft:black_carpet":3,"minecraft:magenta_stained_glass":9},"minecraft:dropped":{"minecraft:magenta_stained_glass":1,"minecraft:cherry_boat":1,"minecraft:mutton":1,"minecraft:white_wool":1,"minecraft:jungle_log":256,"minecraft:chest":5},"minecraft:mined":{"minecraft:magenta_stained_glass":3,"minecraft:black_carpet":1},"minecraft:picked_up":{"minecraft:black_carpet":1,"minecraft:jungle_log":256,"minecraft:chest":3,"minecraft:mutton":1,"minecraft:white_wool":1},"minecraft:custom":{"minecraft:time_since_rest":2980025,"minecraft:crouch_one_cm":1518,"minecraft:play_time":2980025,"minecraft:sprint_one_cm":414036,"minecraft:damage_taken":490,"minecraft:walk_one_cm":221031,"minecraft:sneak_time":628,"minecraft:walk_under_water_one_cm":420,"minecraft:drop":13,"minecraft:jump":2732,"minecraft:damage_dealt":10,"minecraft:leave_game":159,"minecraft:walk_on_water_one_cm":105,"minecraft:time_since_death":2980025,"minecraft:total_world_time":2980025,"minecraft:swim_one_cm":1086,"minecraft:fall_one_cm":74810,"minecraft:fly_one_cm":581989}},"DataVersion":3839}